{
  "id": "mod-beweging-01",
  "title": "Beweging & Snelheid",
  "level": "MAVO|HAVO",
  "goals": [
    "MAVO: Ik kan v = s/t gebruiken en eenheden omrekenen (km/h ↔ m/s).",
    "HAVO: Ik kan v bepalen uit de helling van een s-t grafiek en modelkeuzes verantwoorden."
  ],
  "blocks": [
    {
      "type": "context",
      "md": "Je fietst 3,6 km in 12 minuten naar school. Hoe snel ga je?"
    },
    {
      "type": "theory",
      "md": "Snelheid: $$v=\\\\frac{s}{t}$$ met s in meter en t in seconde. Omrekenen: $$1\\\\,km/h = \\\\frac{1000}{3600}\\\\,m/s = 0{,}277\\\\,m/s$$"
    },
    {
      "type": "example",
      "md": "Voorbeeld: 3{,}6 km in 12 min → s = 3600 m, t = 720 s, dus v = 5 m/s = 18 km/h."
    },
    {
      "type": "simulation",
      "provider": "phet",
      "simId": "moving-man",
      "prompts": [
        "Varieer s en t en noteer v.",
        "Wat gebeurt er met v als t halveert?"
      ]
    },
    {
      "type": "quiz",
      "engine": "adaptive",
      "bankRef": "qb-speed-01"
    },
    {
      "type": "exit_ticket",
      "items": [
        "Wat is het belangrijkste inzicht van vandaag?",
        "Waar wil je extra oefening op?"
      ]
    }
  ],
  "meta": {
    "tags": [
      "beweging",
      "snelheid"
    ],
    "est_time_min": 50
  }
}